﻿<?xml version="1.0" encoding="utf-8"?>
<encounter>
  <ongoingfight>False</ongoingfight>
  <globalnotes />
  <combatant>
    <customname />
    <rolemod />
    <notes />
    <statblock>
      <name>Sample Hazard</name>
      <type>Hazard</type>
      <levelrole>Level 1 Elite Lurker</levelrole>
      <xp>200</xp>
      <senses />
      <speed />
      <immune />
      <resist>5 all</resist>
      <vuln />
      <regen />
      <init>5</init>
      <max_hp>20</max_hp>
      <save>0</save>
      <a_pts>0</a_pts>
      <p_pts>0</p_pts>
      <surges>0</surges>
      <d_ac>20</d_ac>
      <d_fort>15</d_fort>
      <d_ref>15</d_ref>
      <d_will>15</d_will>
      <align />
      <skills />
      <lang />
      <equip />
      <source />
      <feats />
      <desc>A putrid green boulder shudders and explodes, spreading razor shards across the battlefield.</desc>
      <trap />
      <hazard>A boulder filling 1 square makes a burst 3 attack and creates a zone of difficult terrain.</hazard>
      <puzzle />
      <notes />
      <displayname />
      <s_str>0</s_str>
      <s_dex>0</s_dex>
      <s_wis>0</s_wis>
      <s_con>0</s_con>
      <s_int>0</s_int>
      <s_cha>0</s_cha>
      <power>
        <name>(no name)</name>
        <type>(no icon)</type>
        <act>Perception</act>
        <key />
        <desc>No check is required to see the stone</desc>
        <url />
      </power>
      <power>
        <name>(no name)</name>
        <type>(no icon)</type>
        <act>Arcana</act>
        <key />
        <desc>* DC 15: The character recognizes the stone's nature.###Initative +5</desc>
        <url />
      </power>
      <power>
        <name>(unnamed power)</name>
        <type>(no icon)</type>
        <act>Trigger</act>
        <key />
        <desc>When a creature moves adjacent to the stone, it rolls initiative and attacks.</desc>
        <url />
      </power>
      <power>
        <name>(unnamed power)</name>
        <type>(no icon)</type>
        <act>Attack</act>
        <key />
        <desc>Standard Action, Close Burst 5###Target: All creatures in burst###Attack: +4 vs. Reflex###Hit: 1d12 + 3 damage.###Effect: The burst creates a zone of difficult terrain that lasts until the end of the encounter.</desc>
        <url />
      </power>
      <power>
        <name>(unnamed power)</name>
        <type>(no icon)</type>
        <act>Countermeasures</act>
        <key />
        <desc>* A character can attack the stone (AC 20, other defenses 15; hp 20; resist 5 all).  When reduced to 0 hit points, the stone explodes in a close burst 5, as above.</desc>
        <url />
      </power>
    </statblock>
  </combatant>
  <combatant>
    <customname />
    <rolemod />
    <notes />
    <statblock>
      <name>Sample Trap</name>
      <type>Trap</type>
      <levelrole>Level 5 Elite Warder</levelrole>
      <xp>400</xp>
      <senses />
      <speed />
      <immune />
      <resist />
      <vuln />
      <regen />
      <init>0</init>
      <max_hp>0</max_hp>
      <save>0</save>
      <a_pts>0</a_pts>
      <p_pts>0</p_pts>
      <surges>0</surges>
      <d_ac>0</d_ac>
      <d_fort>0</d_fort>
      <d_ref>0</d_ref>
      <d_will>0</d_will>
      <align />
      <skills />
      <lang />
      <equip />
      <source />
      <feats />
      <desc>The gold that glitters before your eyes seems suddenly to warp and twist. A brutal array of spines surges upward, gleaming like the treasure itself.</desc>
      <trap>An array of spikes lies hidden among the coins of the dragon’s hoard, targeting a line of approximately 8 squares. The dragon has had the spikes smelted from its own gold and other precious metals to better conceal the trap and to make the treasure harder to steal.

Special: The 800 gold spikes are worth 1 gp each and count as part of the hoard’s value.</trap>
      <hazard />
      <puzzle />
      <notes />
      <displayname />
      <s_str>0</s_str>
      <s_dex>0</s_dex>
      <s_wis>0</s_wis>
      <s_con>0</s_con>
      <s_int>0</s_int>
      <s_cha>0</s_cha>
      <power>
        <name>(unnamed power)</name>
        <type>(no icon)</type>
        <act>Perception</act>
        <key />
        <desc>* DC 28: The character spots the tiny trigger wires hidden throughout the hoard.</desc>
        <url />
      </power>
      <power>
        <name>(unnamed power)</name>
        <type>(no icon)</type>
        <act>Trigger</act>
        <key />
        <desc>A character physically disturbs the hoard in any way or attempts to remove any items from it.</desc>
        <url />
      </power>
      <power>
        <name>(unnamed power)</name>
        <type>(no icon)</type>
        <act>Attack</act>
        <key />
        <desc>Immediate Reaction      Melee###Target: All creatures in 8 contiguous squares###Attack: +9 vs. AC###Hit: 2d8 + 5 damage.###Effect: The treasure scatters. Any creature in a neighboring chamber hears this with a DC 17 Perception check.</desc>
        <url />
      </power>
      <power>
        <name>(unnamed power)</name>
        <type>(no icon)</type>
        <act>Countermeasures</act>
        <key />
        <desc>* Thievery DC 19: An adjacent character can disconnect wires with a successful check, rendering one of the squares safe.###* Thievery DC 24: An adjacent character can disconnect the entire web of wires with a successful check, disarming the entire trap.###* Thievery DC 16: A character can remove a single visible item from the hoard without triggering the trap, with a successful check. Failing in an attempt to use any of these countermeasures triggers the trap.</desc>
        <url />
      </power>
    </statblock>
  </combatant>
</encounter>